iata,icao,airline
PR,BOI,2GO
2T,TBS,Timbis Air
Q5,MLA,40-Mile Air
4D,ASD,Air Sinai
4R,SEK,Star East Airline
4O,AIJ,Interjet
7A,XRC,Express Air Cargo
7B,UBE,Bees Airline
7S,RYA,Ryan Air Services
BJ,ABJ,Abaeté Linhas Aéreas
RL,ABG,Abakan-Avia
W9,AAB,Abelag Aviation
M3,TUS,*ABSA Cargo*
GB,ABX,ABX Air
ZA,CYD,*AccessAir*
VX,AES,*ACES Colombia*
KI,DHI,*Adam Air*
Z7*,ADK,*ADC Airlines*
JP,ADR,Adria Airways
AN,WSN,Advanced Air
A3,AEE,Aegean Airlines
9D,CND,*Aero Continente Dominicana*
ML,AEK,*Aero Costa Rica*
DW,UCR,Aero-Charter Ukraine
SU,AFL,Aeroflot
P3,PLS,Aeroflot-Plus
OB,AAT,*Austrian Airtransport*
SM,AAW,*Allied Airways*
KJ,AAZ,Asian Air
YE,ACQ,Aryan Cargo Express
VJ,AFF,Africa Airways
QH,FLA,Air Florida
3O,MAC,Air Arabia Maroc
HD,ADO,AIRDO
UJ,LMU,AlMasria Universal Airlines
A2,AWG,Animawings
X9,NVD,Avion Express
3S*,AEN,*Aeroland Airways*
JU,ASL,Air Serbia
QH,LYN,Air Kyrgyzstan
XK,CCM,Air Corsica
EI,EIN,Aer Lingus
EG,EUK,Aer Lingus UK
A8,XAU,Aerolink Uganda
RV,ROU,Air Canada Rouge
7A,AZY,Aztec Worldwide Airlines
6U,ACX,*Air Cargo Germany*
ZI,AAF,Aigle Azur
AE,AE,*Air Ceylon*
4K*,AAS,Askari Aviation
8U,AAW,Afriqiyah Airways
Q9,AFU,Afrinat International Airlines
KI,AAG,Air Atlantique
QB,AAJ,*Air Alma*
LD,AHK,Air Hong Kong
2Y,ADW,*Air Andaman*
UX,AEA,Air Europa
IG,AEY,Air Italy
NX,AMU,Air Macau
ZV,AMW,Air Midwest
HM,SEY,Air Seychelles
AF,AFR,Air France
SB,ACI,Air Caledonie International
EH,AKX,Air Nippon Network Co. Ltd.
ED,AXE,AirExplore
ZW,AWI,Air Wisconsin
YI,RSI,Air Sunshine
GN,AGN,*Air Gabon*
9T,RUN,Air ACT
ZB,ABN,Air Albania
3J,AAQ,*Air Alliance*
WP,ATW,Air Antwerp
BX,ABL,Air Busan
LB,LEP,Air Costa
GL,GRL,Air Greenland
3S,GUY,Air Guyane Express
NQ,AJX,Air Japan
IJ,LIB,*Air Liberté*
TT,KLA,*Air Lithuania*
QM,AIM,*Air Malawi*
L6,AMI,*Air Maldives*
ML,BIE,*Air Mediterranee*
P8,MKG,*Air Mekong*
ZQ,MNE,Air Montenegro
"NZ 

TE",ANZ,Air New Zealand
4N,ANT,Air North Charter - Canada
ZX,ABL,*Air BC*
G8,AGB,*Air Service Gabon*
7T,AGV,Air Glaciers
6V,VGA,*Air Vegas*
NH,ANA,All Nippon Airways
TZ,TWG,air-taxi Europe
2Q,SNC,Air Cargo Carriers
V7,SNG,*Air Senegal International*
AB,BER,*Air Berlin*
QN,ARR,Air Armenia
AI,AIC,Air India Limited
PJ,SPM,Air Saint Pierre
SZ,WOW,*Air Southwest*
8C,ATN,Air Transport International
NF,AVN,Air Vanuatu
ZB,BUB,*Air Bourbon*
CC,ABD,Air Atlanta Icelandic
RB,SBK,*Air Srpska*
TN,THT,Air Tahiti Nui
SW,NMB,Air Namibia
AW,AFW,Africa World Airlines
PE,AEL,*Air Europe Italy*
JM,AJM,Air Jamaica
6G,AWW,*Air Wales*
TX,FWI,Air Caraïbes
IX,AXB,Air India Express
BT,BTI,Air Baltic
EL,ANK,Air Nippon
YW,ANE,Air Nostrum
PX,ANG,Air Niugini
G9,ABY,Air Arabia
AC,ACA,Air Canada
AP,LAV,AlbaStar
E9,MHS,Air Memphis
XT,AXL,*Air Exel*
UM,AZW,Air Zimbabwe
S2,RSH,Air Sahara
TC,ATC,Air Tanzania
2J,VBW,Air Burkina
KM,AMC,Air Malta
YT,TGA,*Air Togo*
G4,AAY,Allegiant Air
O4,ABV,Antrak Air
GB,ABX,*Airborne Express*
8T,TID,Air Tindi
3L,ADY,Air Arabia Abu Dhabi
EM*,AEB,*Aero Benin*
KD,AEN,*Air Enterprise*
AX,AAC,AmericanConnection[8]
AN,AAA,*Ansett Australia*
5W,AEU,*Astraeus*
VV,AEW,*Aerosvit Airlines*
WK,AFB,*American Falcon*
QQ,UTY,Alliance Airlines
FG,AFG,Ariana Afghan Airlines
RV*,AFI,Africaone
Y2,AFJ,*Alliance Air*
5Z,AFX,Airfreight Express
5D,SLI,Aeroméxico Connect
1A,AGT,Amadeus IT Group
JJ,AGX,Aviogenex
PL,PLI,*Aeroperú*
8A,BMM,*Atlas Blue*
GD,AHA,Air Alpha Greenland
HT,AHW,*Aeromist-Kharkiv*
J2,AHY,Azerbaijan Airlines
U3,AIA,Avies
4Y,AIB,Airbus Industrie
KJ,AIH,Air Incheon
RS,ASV,Air Seoul
5A,AIP,Alpine Air Express
ED*,ABQ,Airblue
W4,BES,Aero Services Executive
IZ,AIZ,Arkia Israel Airlines
M6,AJT,Amerijet International
4A,AKL,Air Kiribati
EV,ASQ,Atlantic Southeast Airlines
HP,AWE,*America West Airlines*
6R,TNO,Aerotransporte de Carga Union
VH,ALV,Aeropostal Alas de Venezuela
DP,AMM,Air 2000
TZ,AMT,*ATA Airlines*
YJ,AMV,AMC Airlines
AM,AMX,Aeroméxico
TL,ANO,Airnorth
OY,ANS,Andes Líneas Aéreas
IW,AOM,*AOM French Airlines*
J6,AOC,AVCOM
2D,AOG,*Aero VIP*
VB,VIV,Aeroenlaces Nacionales
OE,AOT,Asia Overnight Express
GV,ARF,*Aero Flight*
JW,APW,*Arrow Air*
2B,AWT,*Albawings*
4C,ARE,"Aires, Aerovías de Integración Regional, S.A."
AR,ARG,Aerolíneas Argentinas
AS,ASA,"Alaska Airlines, Inc."
PL,ASE,*Airstars*
OB,ASZ,*Astrakhan Airlines*
HC,ATI,*Aero-Tropics Air Services*
FO,ATM,Airlines of Tasmania
OS,AUA,Austrian Airlines
IQ,AUB,*Augsburg Airways*
RU,ABW,AirBridge Cargo
GR,AUR,Aurigny Air Services
NO,AUS,*Aus-Air*
AU,AUT,Austral Líneas Aéreas
K8,ZAK,Airlink Zambia
4Y,BGA,Airbus Transport International
B9,BGD,*Air Bangladesh*
AK,AXM,AirAsia
D7,XAX,AirAsia X
DJ,WAJ,AirAsia Japan
I5,IAD,AirAsia India
6V,AXY,*Axis Airways*
EX,BJK,Atlantic Airlines
3G,AYZ,*Atlant-Soyuz Airlines*
AZ,AZA,Alitalia
ZE,AZE,Arcus-Air Logistic
A2,AZI,Astra Airlines
R7,OCA,Aserca Airlines
RX,AEH,*Aviaexpress*
MQ,EGF,American Eagle Airlines
ZS,AZI,*Azzurra Air*
ML,ETC,African Transport Trading and Investment Company
WI,WIL,Aero Air
VU,VUN,*Air Ivoire*
BP,BOT,Air Botswana
GS,UPA,*Air Foyle*
VT,VTA,Air Tahiti
3N,URG,Air Urga
VL,VIM,Air VIA
FK,WTA,Africa West
G2,VXG,Avirex
V8,VAS,ATRAN Cargo Airlines
K6,KHV,Angkor Air
CA,CCA,Air China
Q6,CDP,Aero Condor Peru
5F,CIR,Arctic Circle Air Service
QC,CRD,*Air Corridor*
NV,CRF,*Air Central*
CV,CVA,Air Chathams
CW,CWM,Air Marshall Islands
AH,DAH,Air Algérie
ER,DHL,*Astar Air Cargo*
EN,DLA,Air Dolomiti
NM,DRD,*Air Madrid*
6R,DRU,Alrosa Air Company
EE,EAY,*Aero Airlines*
4F,ECE,Air City
E8,ELG,*Alpi Eagles*
RF,EOK,Aero K
KY,EQL,*Air São Tomé and Príncipe*
E2/E6,EWE/EWL,Eurowings Europe
PC,FAJ,*Air Fiji*
JH,FDA,Fuji Dream Airlines
OF,FIF,Air Finland
FJ,FJI,Fiji Airways
RC,FLI,Atlantic Airways
QH,FLZ,Aero Leasing
NY,FXI,Air Iceland
2P,GAP,Air Philippines
ZX,GGN,Air Georgian
2U,GIP,Air Guinee Express
0A,GNT,Amber Air
DA,GRG,Air Georgia
LL,GRO,*Allegro*
5Y,GTI,Atlas Air
GG,GUY,Air Guyane
H9,HAD,Air d'Ayiti
GG,HAH,Air Comores International
HD,HLN,*Air Holland*
8C,HZT,Air Horizon
W9,JAB,Air Bagan
IP,JOL,Atyrau Air Ways
QK,JZA,Air Canada Jazz
KK,KKK,Atlasjet
JS,KOR,Air Koryo
KC,KZR,Air Astana
LV,LBC,Albanian Airlines
3S,BOX,Aerologic
QP,AKJ,Akasa Air
H7,LFA,Air Alfa
D4,LID,Alidaunia
9I,LLR,Air India Regional
XL,LNE,Aerolane
4Z,LNK,Airlink
FL,LPA,Air Leap
A6,LPV,Air Alps Aviation
TD,LUR,Atlantis European Airways
L8,LXG,Air Luxor GB
LK,LXR,Air Luxor
MK,MAU,Air Mauritius
MD,MDG,Air Madagascar
9U,MLD,Air Moldova
L9,MLI,*Air Mali*
A7,MPD,Air Plus Comet
QO,MPX,Aeromexpress
MR,MRT,Air Mauritanie
F4,NBK,Albarka Air
AJ,NIG,Aero Contractors
8Y,PBU,Air Burundi
OT,PEL,Aeropelican Air Services
AD,PRZ,*Air Paradise International*
QD,QCL,Air Class Líneas Aéreas
QS,QSC,African Safari Airways
4Y,RBU,Airbus France
AG,ARU,Aruba Airlines
MC,RCH,Air Mobility Command
RE,REA,Aer Arann
UU,REU,Air Austral
ZP,AZP,Amaszonas Paraguay
6K,RIT,Asian Spirit
A5,RLA,Airlinair
NZ,RLK,*Air Nelson*
QL,RLN,Aero Lanka
R3,RME,*Armenian Airlines*
MV,RML,*Air Mediterranean*
2O,RNE,Air Salone
U8,RNV,*Armavia*
BQ,ROM,*Aeromar Lineas Aereas Dominicanas*
P5,RPB,AeroRepública
E4,RSO,*Aero Asia International*
BF,RSR,Aero-Service
5L,RSU,AeroSur
EX,SDO,Air Santo Domingo
JR,SER,Aero California
Z3,SMJ,Avient Aviation
M3,SPJ,Air Service
8D*,SUW,*Astair*
GM,SVK,Air Slovakia
R3,SYL,Aircompany Yakutia
HC,SZN,Air Senegal
VW,TAO,Aeromar
JY,TCI,Air Turks and Caicos
CG,TOK,Airlines PNG
TY,TPC,Air Calédonie
FL,TRS,AirTran Airways
TS,TSC,Air Transat
EC,TWN,Avialeasing Aviation Company
U7,UGA,Air Uganda
6U,UKR,Air Ukraine
KO,AER,Alaska Central Express
KH,AAH,Aloha Air Cargo
AQ,AAH,*Aloha Airlines*
AA,AAL,American Airlines
WD*,AAN,Amsterdam Airlines
HO,DJA,*Antinea Airlines*
OZ,AAR,Asiana Airlines
AG,ABR,ASL Airlines Ireland
8V,ACP,Astral Aviation
XM,XME,Australian airExpress
AO,AUZ,*Australian Airlines*
XP,VXP,Avelo Airlines
VE,AVE,*Avensa*
6A,CHP,Aviacsa
AV,AVA,Avianca
A0,MCJ,Avianca Argentina
O6,ONE,Avianca Brasil
2K,GLG,Avianca Ecuador
V5,VLI,*Avolar Aerolíneas*
AD,AZU,Azul Linhas Aéreas Brasileiras
CJ,CFE,BA CityFlyer
TH,BRT,BA Connect
B4,BCF,BACH Flugbetriebsges
J4,BDR,Badr Airlines
UP,BHS,Bahamasair
8Q*,BAJ,Baker Aviation
V9,BTC,BAL Bashkirian Airlines
LZ,LAZ,Balkan Bulgarian Airlines
BQ,BTL,Baltia Air Lines
QH,BAV,Bamboo Airways
QO,AJC,Bar Harbor Airlines
L9,BAL,Belle Air Europe
BA,BAW,British Airways
BG,BBC,Biman Bangladesh Airlines
BO,BBD,Bluebird Nordic
BO,BBW,BB Airways
SI,BCI,Blue Islands
EO,BCL,British Caribbean Airways
WX,BCY,CityJet
BZ,BDA,Blue Dart Aviation
JA,BON,B&H Airlines
J4,BFL,Buffalo Airways
8H,BGH,BH Air
A8,BGL,Benin Golf Air
U4,BHA,Buddha Air
UH,BHL,Bristow Helicopters
4T,BHP,Belair Airlines
BS,BIH,British International Helicopters
B4,BKA,Bankair
PG,BKP,Bangkok Airways
KF,BLF,Blue1
JV,BLS,Bearskin Lake Air Service
B3,BLV,Bellview Airlines
BD,BMA,BMI
BM,BMR,BMI Regional
WW,BMI,Bmibaby
CH,BMJ,Bemidji Airlines
5Z,BML,Bismillah Airlines
BN,BNF,Braniff International Airways
AB,BNZ,Bonza
BO,BOU,Bouraq Indonesia Airlines
BV,BPA,Blue Panorama Airlines
7R,BRB,BRA-Transportes Aéreos
8E,BRG,Bering Air
TH,BRT,British Regional Airlines
B2,BRU,Belavia Belarusian Airlines
GQ,BSY,Big Sky Airlines
ID,BTK,Batik Air
4B,BTQ,Boutique Air
Y6,BTV,Batavia Air
L9,BTZ,Bristow U.S. LLC
1T,BUC,Bulgarian Air Charter
BU,BUN,Buryat Airlines Aircompany
J8,BVT,Berjaya Air
B3,BVU,"Bellview Airlines, Sierra Leone"
QW,BWG,Blue Wings
SN,BXI,Brussels Airlines
DB,BZH,Brit Air
JD,CBJ,Beijing Capital Airlines
E9,CXS,Boston-Maine Airways
SN,BEL,Brussels Airlines
NT,IBB,Binter Canarias
0B,BLA,Blue Air
KJ,LAJ,British Mediterranean Airways
FB,LZB,Bulgaria Air
8N,NKF,Barents AirLink
OB,BOV,Boliviana de Aviación
YB,BRJ,Borajet
MX,MXY,Breeze Airways
4A,DYN,California Pacific Airlines
QC,CRC,Camair-Co
7N,PWD,Pawa Dominicana
KR,KME,Cambodia Airways
5C,ICL,CAL Cargo Air Lines
AW,SCH,CHC Airways
3C,CMV,Calima Aviación
MO,CAV,Calm Air
R9,CAM,Camai Air
K6,KHV,Cambodia Angkor Air
UY,UYC,*Cameroon Airlines*
C6,CJA,CanJet
CP,CDN,*Canadian Airlines*
7F,AKT,Canadian North
CP,CPC,*Canadian Pacific Airlines*
W2,CWA,Canadian Western Airlines
9K,KAP,Cape Air
PT,CCI,Capital Cargo International Airlines
GG,GGC,Cargo 360
P3,CLU,Cargo Logic Air
2G,CRG,Cargoitalia
W8,CJT,Cargojet Airways
CV,CLX,Cargolux
C8,ICV,Cargolux Italia
BW,BWA,Caribbean Airlines
8B,GFI,Caribbean Star Airlines
V3,KRP,Carpatair
RV,CPN,Caspian Airlines
*KA*,HDA,*Cathay Dragon*
CX,CPA,Cathay Pacific
KX,CAY,Cayman Airways
5J,CEB,Cebu Pacific
9M,GLR,Central Mountain Air
J7,CVC,Centre-Avia
WE,CWC,Centurion Air Cargo
OP,CHK,Chalk's International Airlines
MG,CCP,Champion Air
2Z,CGN,Chang An Airlines
S8,CSU,Chari Aviation Services
RP*,CHQ,Chautauqua Airlines
C8,WDY,*Chicago Jet Group*
CI,CAL,China Airlines
CK,CKK,China Cargo Airlines
MU,CES,China Eastern Airlines
G5,HXA,China Express Airlines
CJ,CBF,*China Northern Airlines*
WH,CNW,*China Northwest Airlines*
8Y,CYZ,China Postal Airlines
CZ,CSN,China Southern Airlines
KN,CUA,China United Airlines
XO,CXH,China Xinhua Airlines
3Q,CYH,*China Yunnan Airlines*
X7,CHF,Chitaavia
OQ,CQN,Chongqing Airlines
A2,CIU,Cielos Airlines
QI,CIM,Cimber Sterling
C7,CIN,Cinnamon Air
C9,RUS,Cirrus Airlines
G3,CIX,City Connexion Airlines
CJ,CFE,*CityFlyer Express*
CT,CAT,*Civil Air Transport*
6P,ISG,Club Air
BX,CST,Coast Air
9L,CJC,*Colgan Air*
YD,CAT,*Cologne Air Transport GmbH*
OH,COM,Comair
MN,CAW,Comair
C5,UCA,CommutAir
KR,CWK,Comores Airlines
CP,CPZ,Compass Airlines
DE,CFG,Condor Flugdienst
CO,COA,Continental Airlines
CS,CMI,Continental Micronesia
CS,Unknown,Cambrian Airways
V0,VCV,Conviasa
CM,CMP,Copa Airlines
CQ,CCW,Central Charter
XC,CAI,Corendon Airlines
CD,CND,Corendon Dutch Airlines
LF,VTE,Contour Airlines
SS,CRL,Corsairfly
XK,CCM,Corse Méditerranée
F5,COZ,Cosmic Air
GW,CRG,Costa Rica Green Airways
7C,COY,Coyne Aviation
OU,CTN,Croatia Airlines
QE,ECC,Crossair Europe
CU,CUB,Cubana de Aviación
CY,CYP,Cyprus Airways
YK,KYV,Cyprus Turkish Airlines
OK,CSA,Czech Airlines
8L,CGP,Cargo Plus Aviation
5Z,KEM,CemAir
XG,CLI,Clickair
PN,CHB,West Air (China)
V5,VPA,DanubeWings
WD,DSR,DAS Air Cargo
DX,DTR,DAT Danish Air Transport
D0,DHK,DHL Air Limited
ES,DHX,DHL International
L3,JOS,DHL de Guatemala
D3,DAO,Daallo Airlines
N2,DAG,Dagestan Airlines
H8,KHB,Dalavia
DD,DDL,*Danish Air Lines*
0D,DWT,Darwin Airline
D5,DAU,Dauair
DL,DAL,Delta Air Lines
J7,DNM,*Denim Air*
1I,AMB,Deutsche Rettungsflugwacht
AW,DIR,Dirgantara Air Service
DH,DVA,Discovery Airways
Z6,UDN,Dniproavia
YU,ADM,*Dominair*
DO,DOA,Dominicana de Aviación
E3,DMO,Domodedovo Airlines
D9,DNV,Donavia
5D,UDC,DonbassAero
KB,DRK,Druk Air
DI,BAG,*Dba*
MQ,ENY,Envoy Air
EL,ELB,Ellinair
9E,EDV,Endeavor Air
VE,EUJ,*EUjet*
H7,EGU,Eagle Air
NZ,EAG,Eagle Airways
9A,EZX,Eagle Express Air Charter
S9,HSA,East African Safari Air
ZE,ESR,Eastar Jet
EA,EAL,Eastern Air Lines
T3,EZE,Eastern Airways
QF,EAQ,Eastern Australia Airlines
DK,ELA,Eastland Air
W9,SGR,*Eastwind Airlines*
EC,EJU,easyJet Europe
DS,EZS,easyJet Switzerland
U2,EZY,easyJet UK
WK,EDW,Edelweiss Air
MS,MSR,Egyptair
LY,ELY,El Al Israel Airlines
UZ,BRQ,El-Buraq Air Transport
EA,EAI,Emerald Airlines
EK,UAE,Emirates Airlines
EM,CFS,Empire Airlines
EU,EEA,Empresa Ecuatoriana De Aviación
G8,ENK,Enkor JSC
OF,ENT,Enter Air
E0,ESS,Eos Airlines
B8,ERT,Eritrean Airlines
E7,ESF,Estafeta Carga Aérea
OV,ELL,Estonian Air
ET,ETH,Ethiopian Airlines
EY,ETD,Etihad Airways
MM,MMZ,EuroAtlantic Airways
UI,ECA,Eurocypria Airlines
GJ,EEZ,Eurofly
K2,ELO,Eurolot
3W,EMX,Euromanx Airways
5O,FPO,Europe Airpost
EA,EAL,European Air Express
QY,BCS,European Air Transport
E7,EAF,European Aviation Air Charter
EW,EWG,Eurowings
4Y,OCN,Eurowings Discover
E2,EWE,Eurowings Europe
BR,EVA,EVA Air
EZ,EIA,Evergreen International Airlines
ZD,EWR,Ewa Air
JN,XLA,Excel Airways
MB,EXA,Execair Aviation
OW,EXK,Executive Airlines
EO,LHN,*Express One International*
EV,ASQ,ExpressJet
8K,EVS,Exploits Valley Air Services
FE,FEA,Far Eastern Air Transport
F6,RCK,FaroeJet
F3,FSW,Faso Airways
FX,FDX,FedEx Express
N8,HGK,Fika Salaama Airlines
4S,FNC,Finalair Congo
AY,FIN,Finnair
FC,WBA,Finncomm Airlines
FY,FFM,Firefly
7F,FAB,First Air
DP,FCA,First Choice Airways
8F,FFR,Fischer Air
8D,EXV,FitsAir
F8,FLE,Flair Airlines
B5,FLT,*Flightline*
PA,FCL,Florida Coastal Airlines
RF,FWL,Florida West International Airways
F2,FLM,Fly Air
8W,EDR,Fly All Ways
G6,ACY,Fly Arna
9Y,FGE,Fly Georgia
OJ,FJM,Fly Jamaica Airways
9P,FJL,Fly Jinnah
SH,FLY,Fly Me Sweden
FP,PVV[26][27],Fly Pro
6P,IAD,Fly Wex
D7,XFA,FlyAsianXpress
F7,BBO,Flybaboo
BE,BEE,Flybe
FO,FBZ,Flybondi
FT,FEG,FlyEgypt
Y2,GSM,Flyglobespan
SX,TOR,FlyGTA Airlines
W3,FYH,Flyhy Cargo Airlines
TE,LIL,FlyLal
XY,KNE,Flynas
LF,NDC,FlyNordic
FP,FRE,FlyPelican
FS,FOX,Flyr
VK,FVK,FlyViking
VY,FOS,*Formosa Airlines*
5F,FIA,Fly One
HK,FSC,Four Star Aviation / Four Star Cargo
FH,FHY,Freebird Airlines
SJ,FOM,Freedom Air
FP,FRE,Freedom Air
F9,FFT,Frontier Airlines
2F,FTA,Frontier Flying Service
FH,FUA,Futura International Airways
FZ,FDB,Flydubai
Y5,GMR,Golden Myanmar Airlines
GT,GBL,GB Airways
Z5,GMG,GMG Airlines
7O,GAL,Galaxy Air
GC,GNR,Gambia International Airlines
G7,GNF,Gandalf Airlines
GA,GIA,Garuda Indonesia
4G,GZP,Gazpromavia
GR,GCO,Gemini Air Cargo
A9,TGZ,Georgian Airways
QB,GFG,Georgian National Airlines
HE,LGW,German Airways
ST,GMI,Germania
4U,GWI,Germanwings
GP,RIV,APG Airlines
GH,GLP,Globus Airlines
GH,GHA,Ghana Airways
G0,GHB,Ghana International Airlines
6G,RLX,Go2Sky
G8,GOW,GoAir
G7,GJS,GoJet Airlines
G3,GLO,Gol Transportes Aéreos
DC,GAO,Golden Air
5Z,GON,Gonini Air Services
GV,GUN,Grant Aviation
ZK,GLA,Great Lakes Airlines
IJ,GWL,Great Wall Airlines
HB,HGB,Greater Bay Airlines
G6,BSR,Guine Bissaur Airlines
J9,GIF,Guinee Airlines
G8,GUJ,Gujarat Airways
GF,GFA,Gulf Air
EO,ALX,Hewa Bora Airways
A5,HOP,Hop!
H6,HAG,Hageland Aviation Services
HR,HHN,Hahn Air
HU,CHH,Hainan Airlines
2T,HAM,Haiti Ambassador Airlines
4R,HHI,Hamburg International
X3,HLX,Hapag-Lloyd Express
HF,HLF,Hapagfly
HB,HAR,Harbor Airlines
HQ,HMY,Harmony Airways
HA,HAL,Hawaiian Airlines
HN,HVY,Heavylift Cargo Airlines
JB,JBA,Helijet
ZU,HCY,Helios Airways
9I,HTA,Helitrans
HJ,HEJ,Hellas Jet
HW,FHE,Hello
2L,OAW,Helvetic Airways
UD,HER,Hex'Air
5K,HFY,Hi Fly
H9,HIM,Himalaya Airlines
VM,VMS,His Majesty King Maha Vajiralongkorn
H5,HOA,Hola Airlines
HC,HCC,Holidays Czech Airlines
HX,CRK,Hong Kong Airlines
RH,HKC,Hong Kong Air Cargo
UO,HKE,Hong Kong Express Airways
A6,HTU,Hongtu Airlines
QX,QXE,Horizon Air
BN,HZA,Horizon Airlines
HW,UBD,FlyErbil
MR,MML,Hunnu Air
I4,EXP,Island Air Express
IK,KAR,Ikar
IB,IBE,Iberia Airlines
II,CSQ,IBC Airways
I2,IBS,Iberia Express
TY,IWD,Iberworld
FW,IBX,Ibex Airlines
0C,IBL,IBL Aviation
C3,IPR,Independent Carrier (ICAR)
FI,ICE,Icelandair
V8,IAR,Iliamna Air Taxi
DH,IDE,*Independence Air*
I7,IOA,IndiaOne Air
6E,IGO,IndiGo
IC,IAC,Indian Airlines
I9,IBU,Indigo Airlines
VP,AXC,Indochina Airlines
QZ,AWQ,Indonesia AirAsia
IO,IAA,Indonesian Airlines
C4,IMX,Zimex Aviation
H4,IIN,Inter Island Airways
D6,ILN,Interair South Africa
ZA,SUW,Interavia Airlines
JY,IWY,InterCaribbean Airways
RS,ICT,Intercontinental de Aviación
ID,ITK,Interlink Airlines
N/A,NCC,"T3 Aviation, Inc."
6I,IBZ,International Business Air
3L,ISK,Intersky
I4,FWA,*Interstate Airlines*
IR,IRA,Iran Air
EP,IRC,Iran Aseman Airlines
IA,IAW,Iraqi Airways
IH,MZA,Irtysh Air
2S,SDY,Island Express
IF,ISW,Islas Airways
WC,ISV,Islena De Inversiones
6H,ISR,Israir
AZ,ITY,ITA Airways
FS,ACL,Itali Airlines
GI,IKA,Itek Air
H9,IZM,Izair
JC,JEX,JAL Express
JO,JAZ,JALways
MT,JMC,JMC Airlines
JI,JAE,Jade Cargo International
3X,JAC,Japan Air Commuter
JL,JAL,Japan Airlines
JL,JAL,Japan Airlines Domestic
EG,JAA,Japan Asia Airways
NU,JTA,Japan Transocean Air
JA,JAT,JetSMART
VJ,JTY,Jatayu Airlines
J9,JZR,Jazeera Airways
7C,JJA,Jeju Air
O2,JEA,OLT Express
9W,JAI,Jet Airways
PP,PJS,Jet Aviation
3K,JSA,Jetstar Asia Airways
LS,EXS,Jet2.com
B6,JBU,JetBlue Airways
JF,JAA,Jet Asia Airways
0J,JCS,Jetclub
SG,JGO,JetsGo
JQ,JST,Jetstar
GK,JJP,Jetstar Japan
JM,JKT,Jetstar Hong Kong Airways
*JX*,JEC,Jett8 Airlines Cargo
JO,JTG,Jettime
GX,JXX,JetX Airlines
LJ,JNA,Jin Air
R5,JAV,Jordan Aviation
J4,JCI,Jordan International Air Cargo
XE,JSX,JSX (airline)
6J,JUB,Jubba Airways
HO,DKH,Juneyao Airlines
KW,KHK,Kharkiv Airlines
KD,KLS,Kalstar Aviation
KD,KNI,KD Avia
WA,KLC,KLM Cityhopper
KL,KLM,KLM
N2,QNK,Kabo Air
KI,KAI,KaiserAir
K4,CKS,Kalitta Air
K9,KFS,Kalitta Charters
CB*,KII,Kalitta Charters II
RQ,KMF,Kam Air
E2,KMP,Kampuchea Airlines
V2,AKT,Karat
KV,MVD,Kavminvodyavia
3Q,KCH,KC International Airlines
KW,KFA,Kelowna Flightcraft Air Charter
M5,KEN,Kenmore Air
KQ,KQA,Kenya Airways
ZN,KEY,Key Airlines
KG,LYM,Key Lime Air
BZ,KEE,Keystone Air Service
K6,KZW,Khalifa Airways
"X9 

KO",KHO,Khors Aircompany
IT,KFR,Kingfisher Airlines
4I,KNX,Knighthawk Air Express
Y9,IRK,Kish Air
KR,KHA,Kitty Hawk Aircargo
2K,KHC,Kitty Hawk Airways
KP,KIA,Kiwi International Air Lines
7K,KGL,Kogalymavia Air Company
8J,KMV,Komiinteravia
KE,KAL,Korean Air
7B,KJC,Krasnojarsky Airlines
K9,KRI,Krylo Airlines
GW,KIL,Kuban Airlines
VD,KPA,Kunpeng Airlines
KU,KAC,Kuwait Airways
GO,KZU,Kuzu Airlines Cargo
N5,KGZ,Kyrgyz Airlines
QH,LYN,Kyrgyzstan
R8,KGA,Kyrgyzstan Airlines
FK,KEW,Keewatin Air
YQ,LCT,TAR Aerolineas
JF,LAB,L.A.B. Flying Service
LR,LRC,LACSA
KG,BNX,LAI - Línea Aérea IAACA
4M,DSM,LATAM Argentina
JJ,TAM,LATAM Brasil
UC,LCO,LATAM Cargo Chile
LA,LAN,LATAM Chile
LU,LXP,LATAM Express
PZ,LAP,LATAM Paraguay
LP,LPE,LATAM Peru
LO,LOT,LOT Polish Airlines
XO,LTE,LTE International Airways
L3,LTO,LTU Austria
LT,LTU,LTU International
N6,JEV,Lagun Air
IK,LKN,Lankair
QL,RLN,Lankan Cargo
QV,LAO,Lao Airlines
L7,LPN,Laoag International Airlines
NG,LDA,Lauda Air
OE[38],LDM,LaudaMotion
LQ,LAQ,Lebanese Air Transport
LI,LIA,Leeward Islands Air Transport
LV,LVL,Level
LN,LAA,Libyan Arab Airlines
L7,LNP,Línea Aérea SAPSA
QL,LER,Línea Aérea de Servicio Ejecutivo Regional
ZE,LCD,Líneas Aéreas Azteca
TM,LAM,Linhas Aéreas de Moçambique
JT,LNI,Lion Air
LM,LVG,Livingston Energy Flight
LB,LLB,Lloyd Aéreo Boliviano
LM,LOG,Loganair
GJ,CDC,Loong Air
LH,DLH,Lufthansa
LH,GEC,Lufthansa Cargo
CL,CLH,Lufthansa CityLine
L5,LTR,Lufttransport
LG,LGL,Luxair
5V,UKW,Lviv Airlines
L2,LYC,Lynden Air Cargo
Y9,DAT,Lynx Air
L4,SSX,Lynx Aviation
Z8,AZN,Línea Aérea Amaszonas
MJ,LPR,Líneas Aéreas Privadas Argentinas
LT,SNG,LongJiang Airlines
Q2,DQA,Maldivian (airline)
BF,MRK,MarkAir
WD,MWM,Modern Transporte Aereo De Carga
OD,MXD,Malindo Airways
AQ,MPJ,MAP-Management and Planung
M7,MAA,MasAir
MH,MWG,MASwings
IN,MAK,MAT Macedonian Airlines
OM,MGL,MIAT Mongolian Airlines
MB,MNB,MNG Airlines
CC,MCK,Macair Airlines
DM,DAN,*Maersk Air*
VB,MSK,Maersk Air UK
W5,IRM,Mahan Air
M2,MZS,Mahfooz Aviation
MH,MAS,Malaysia Airlines
DB,MLT,Maleth-Aero
TF,SCW,Malmö Aviation
R5,MAC,Malta Air Charter
MA,MAH,Malév Hungarian Airlines
RI,MDL,Mandala Airlines
AE,MDA,Mandarin Airlines
JE,MNO,Mango
6V,MRW,Mars RK
M7,MSL,Marsland Aviation
MP,MPH,Martinair
H5,MVL,Mavial Magadan Airlines
8M,MXL,Maxair
MY,MXJ,*Maxjet Airways*
MW,MYD,Maya Island Air
7M,MYI,Mayair
M8,MKN,*Mekong Airlines*
IM,MNJ,Menajet
IG,ISS,Meridiana
MZ,MNA,Merpati Nusantara Airlines
YV,ASH,Mesa Airlines
XJ,MES,Mesaba Airlines
GJ,MXC,Mexicargo
MX,MXA,Mexicana de Aviación
LL,BSK,Miami Air International
ME,MEA,Middle East Airlines
JI,MDW,Midway Airlines (1993–2003)
ML,MDW,Midway Airlines (1976–1991)
YX,MEP,Midwest Airlines
MY,MWA,Midwest Airlines (Egypt)
MJ,MLR,Mihin Lanka
M4,MSA,Mistral Air
MW,MUL,Mokulele Airlines
2M,MDV,Moldavian Airlines
ZB,MON,Monarch Airlines
YM,MGX,Montenegro Airlines
5M,MNT,Montserrat Airways
3R,GAI,Moskovia Airlines
M9,MSI,Motor Sich
NM,NZM,Mount Cook Airline
N4,MTC,Mountain Air Company
Z9,MYM,MYAirline
VZ,MYT,*MyTravel Airways*
UB,UBA,Myanma Airways
8M,MMA,Myanmar Airways International
M2,MHV,MHS Aviation GmbH
ZT,AWC,Titan Airways
6N,NIN,Niger Airlines
N5,FEY,Fly Easy
DV,ACK,Nantucket Airlines
UE,NAS,Nasair
N4,NCN,National Airlines
N7,ROK,National Airlines
NA,NAL,National Airlines
N8,NCR,National Air Cargo dba National Airlines
9Y,NAE,National Airways Ethiopia
IN,NIH,NAM Air
NC,NJS,National Jet Systems
CE,NTW,Nationwide Airlines
RA,RNA,Nepal Airlines
NO,NOS,Neos
1I,EJA,NetJets
EJ,NEA,New England Airlines
2N,NTJ,NextJet
HG,NLY,Niki
KZ,NCA,Nippon Cargo Airlines
DD,NOK,Nok Air
XW,NCT,NokScoot
5N,AUL,Nordavia
JH,NES,Nordeste Linhas Aéreas Regionais
6N,NRD,Nordic Regional
Y7,TYA,NordStar
N4,NWS,Nordwind Airlines
N0,NBT,Norse Atlantic Airways
NA,NAO,North American Airlines
M3,NFA,North Flying
HW,NWL,North-Wright Airways
NC,NAC,Northern Air Cargo
7H,RVF,Northern Pacific Airways
NW,NWA,Northwest Airlines
FY,NWR,Northwest Regional Airlines
J3,PLR,Northwestern Air
D8*,IBK,Norwegian Air International
DY,NOZ,Norwegian Air Shuttle
DI,NRS,Norwegian Air UK
DN,NAA,Norwegian Air Argentina
DU,NLH,Norwegian Long Haul
DH,NAN,Norwegian Air Norway
D8,NSZ,Norwegian Air Sweden
BJ,LBT,Nouvel Air Tunisie
O9,NOV,Nova Airline
1I,NVR,Novair
VQ,NVQ,Novo Air
N6,ACQ,*Nuevo Continente*
1I,NJE,NetJets Europe
IP,ONS,One Airlines
UQ,OCM,*O'Connor Airlines*
OB,AAN,*Oasis Airlines*
O8,OHK,*Oasis Hong Kong Airlines*
VC,VCX,Ocean Airlines
OL,OLT,OLT Express Germany
OA,OAL,Olympic Air
WY,OMA,Oman Air
OV,OMS,SalamAir
OE,LDM,Laudamotion
OY,OAE,Omni Air International
8Q,OHY,Onur Air
R2,ORB,Orenburg Airlines
OX,OEA,Orient Thai Airlines
QO,OGN,Origin Pacific Airways
ON,RON,Our Airline
OJ,OLA,Overland Airways
OZ,OZR,*Ozark Air Lines*
O7,OZJ,OzJet
OA,OAL,*Olympic Airlines*
OB,AAN,*Oasis International Airlines**Now assigned to Boliviana de Aviacion (BoA)*
OK,CSA,*Czech Airlines*
PV,PNR,PAN Air
9Q,PBA,PB Air
PU,PUA,PLUNA
U4,PMT,PMTair
OH,JIA,PSA Airlines
Y5,PCE,Pace Airlines
BL,PIC,Pacific Airlines
DJ,PBN,Pacific Blue
8P,PCO,Pacific Coastal Airlines
Q8,PEC,Pacific East Asia Cargo Airlines
LW,NMI,Pacific Wings
PK,PIA,Pakistan International Airlines
GP,PTP,Palau Trans Pacific Airlines
PF,PNW,Palestinian Airlines
NR,PIR,Pamir Airways
7N,PWD,PAWA Dominicana
PA,PAA,Pan American Airways
PA,PAA,Pan American World Airways
P8,PTN,Pantanal Linhas Aéreas
I7,PMW,Paramount Airways
P3,PTB,Passaredo Transportes Aéreos
HP,HPA,Pearl Airways
PC,PGT,Pegasus Airlines
PE,PEV,People's
KS,PEN,Peninsula Airways
P9,PGP,Perm Airlines
P9,PVN,Peruvian Airlines
Z2,EZD,Philippines AirAsia
PR,PAL,Philippine Airlines
9R,VAP,Phuket Air
PI,PDT,Piedmont Airlines (1948-1989)
9E,FLG,Pinnacle Airlines
OG,FPY,Play
PO,PAC,Polar Air Cargo
PH,PAO,Polynesian Airlines
DJ,PLB,Polynesian Blue
PD,POE,Porter Airlines
NI,PGA,Portugalia
M4,MSA,Poste Air Cargo
BK,PDC,Potomac Air
PW,PRF,Precision Air
TO,PSD,President Airlines
MO,AUH,Presidential Flight
FE,WCP,Primaris Airlines
8W,PWF,Private Wings Flugcharter
P6,PVG,Privilege Style Líneas Aéreas
P0,PFZ,Proflight Zambia
PB,SPR,Provincial Airlines
FV,PLK,Pulkovo Aviation Enterprise
QF,QFA,Qantas
QF,QLK,QantasLink
QF,QJE,QantasLink
QR,QTR,Qatar Airways
7H,RVF,Ravn Alaska
8L,RHC,Redhill Aviation
V4,REK,Reem Air
RX,RGE,Regent Airways
YS,RAE,Régional
FN,RGL,Regional Air Lines
ZL,RXA,Regional Express
P7,REP,*Regional Paraguaya*
3C,CEA,RegionsAir
QQ,ROA,*Reno Air*
RC,REP,Republic Airlines
RW,RPA,Republic Airways
RH,RPH,Republic Express Airlines
C7,RLE,Rico Linhas Aéreas
E2,GRN,*Rio Grande Air*
RL,RIO,Rio Linhas Aéreas
SL,RSL,Rio Sul Serviços Aéreos Regionais
V2,RBY,Vision Airlines
FV,SDM,Rossiya
GZ,RAR,Air Rarotonga
RR,RFR,Royal Air Force
RS,MJN,Royal Air Force of Oman
AT,RAM,Royal Air Maroc
R0,RPK,Royal Airlines
V5,RYL,Royal Aruban Airlines
BI,RBA,Royal Brunei Airlines
RJ,RJA,Royal Jordanian
RK,RCT,Skyview Airways
RK,RKH,Royal Khmer Airlines
RL,PPW,Royal Phnom Penh Airways
RR,RYS,Buzz (Ryanair)
WR,HRH,Royal Tongan Airlines
P7,ESL,Russian Sky Airlines
WB,RWD,Rwandair Express
7S,RCT,Ryan Air Services
RD,RYN,Ryan International Airlines
FR,RYR,Ryanair
RK,RUK,Ryanair UK
RT,BUG,UVT Aero
TR,TGW,Scoot
IJ,SJO,Spring Airlines Japan
6Y,ART,Smartlynx Airlines
QS,TVS,Smartwings
7O,TVL,Smartwings Hungary
3Z,TVP,Smartwings Poland
6D,TVQ,Smartwings Slovakia
E3,VGO,Sabaidee Airways
GG,KYE,Sky Lease Cargo
GW,SGR,SkyGreece Airlines
SH,SHA,Sharp Airlines
N9,SHA,Shree Airlines
7E,AWU,Sylt Air GmbH
OL,SZB,Samoa Air
S4,RZO,SATA International
SA,SAA,South African Airways
KV,SKV,Sky Regional Airlines
W7,SAH,Sayakhat Airlines
NL,SAI,Shaheen Air
MM,SAM,SAM Colombia
SK,SAS,Scandinavian Airlines
PI,SGU,Sol del Paraguay
UG,SEN,SevenAir
S7,SBI,S7 Airlines
Q7,SBM,SkyBahamas
BB,SBS,Seaborne Airlines
PV,SBU,St Barth Commuter
S5,SDG,Star Air (India)
JX,SJX,Starlux Airlines
K5,SQH,SeaPort Airlines
W3,SCL,Switfair Cargo
FP,AND,Servicios Aéreos de los Andes
SY,SCX,Sun Country Airlines
SG,SEJ,Spicejet
I6,SEQ,Sky Eyes
EH,SET,SAETA
7G,SFJ,Star Flyer
FA,SFR,Safair
N5,SGY,Skagway Air Service
HZ,SHU,Sakhalinskie Aviatrassy (SAT)
SP,SAT,SATA Air Acores
ZY,SHY,Sky Airlines
SQ,SIA,Singapore Airlines
5M,SIB,Sibaviatrans
SI,SIH,Skynet Airlines
3M,SIL,Silver Airways
XS,SIT,SITA
ZS,SMY,Sama Airlines
SQ,SQC,Singapore Airlines Cargo
FT,SRH,Siem Reap Airways
SX,SRK,Sky Work Airlines
SM,SRL,Swedline Express
D2,SSF,Severstal Air Company
VD,BBB,SwedJet Airways
QF,SSQ,Sunstate Airlines
5G,SSV,Skyservice Airlines
RE,STK,Stobart Air
FS,STU,Servicios de Transportes Aéreos Fueguinos
SD,SUD,Sudan Airways
PI,SUF,Sun Air (Fiji)
LW,FDY,Sun Air International
EZ,SUS,Sun Air of Scandinavia
SV,SVA,Saudia
WN,SWA,Southwest Airlines
A4,SWD,Southern Winds Airlines
WG,SWG,Sunwing Airlines
WQ,SWQ,Swift Air (Interstate Equipment Leasing)
LX,SWR,Swiss International Air Lines
SR,SWR,Swissair
SR,SDR,Sundair
LZ[59],SWU,Swiss Global Air Lines
WV,SWV,Swe Fly
S8,SWW,Shovkoviy Shlyah
Q4,SWX,Swazi Express Airways
WO,WSW,Swoop
S8,SWZ,Skywise Airline
XQ,SXS,SunExpress
RB,SYR,Syrian Arab Airlines
AL,SYX,Skywalk Airlines
ZP,AZQ,Silk Way Airlines
7L,AZG,Silk Way West Airlines
E5,BRZ,Samara Airlines
E5,RBG,Air Arabia Egypt
SC,CDG,Shandong Airlines
SK,CNO,SAS Braathens
9C,CQH,Spring Airlines
3U,CSC,Sichuan Airlines
FM,CSH,Shanghai Airlines
ZH,CSZ,Shenzhen Airlines
8C,CXI,Corendon Airlines Europe
7L,ERO,Sun D'Or
NE,ESK,SkyEurope
CQ,EXL,Sunshine Express Airlines
SO,HKA,Superior Aviation
KI,SJB,SKS Airways
TE,IGA,Skytaxi
JK,JKK,Spanair
RZ*,LRS,Sansa
2G*,MRR,San Juan Airlines
1Z,APD,Sabre Pacific
NK,NKS,Spirit Airlines
S0,OKS,Slok Air Gambia
SO,OSL,Sosoliso Airlines
VA,OZW,Virgin Australia Regional Airlines
1I,PZR,Sky Trek International Airlines
SX,SKB,Skybus Airlines
RU,SKI,SkyKing Turks and Caicos Airways
S3,BBR,Santa Barbara Airlines
XT,SKT,SkyStar Airways
H2,SKU,Sky Airline
OO,SKW,SkyWest Airlines
JZ,SKX,Skyways Express
BC,SKY,Skymark Airlines
LJ,SLA,Sierra National Airlines
MI,SLK,SilkAir
6Q,SLL,Slovak Airlines
PY,SLM,Surinam Airways
NB,SNB,Sterling Airlines
6J,SNJ,Solaseed Air
IE,SOL,Solomon Airlines
6W,SOV,Saratov Airlines Joint Stock Company
HZ,SOZ,Sat Airlines
SPL,Servicios Corporativos Aéreos De La Laguna,CORPORATIVOS LAGUNA
S5,TCF,Shuttle America
DV,VSV,Scat Air
O3,CSS,SF Airlines
PQ,SQP,SkyUp
S5,LLC,Small Planet Airlines
P7,LLP,Small Planet Airlines
P2,LLI,Small Planet Airlines
5P,LLX,Small Planet Airlines
UL,ALK,SriLankan Airlines
DJ,SRR,Star Air
V9,HCW,Star1 Airlines
Q4,TLK,Starlink Aviation
XG,SXD,Sunexpress Deutschland
SO,AAS,*Sunshine Airlines*
TC,ATC,Air Tanzania Company Limited
9L,TOW,AirTanker Services
DG,SRQ,Cebgo
LS,EXS,Jet2
1L,OSY,Open Skies Consultative Commission
2S,TGR,Satgur Air Transport
DT,DTA,TAAG Angola Airlines
VR,TCV,TACV
TI,TWI,Tailwind Airlines
PZ,LAP,TAM Mercosur
EQ,TAE,TAME
QT,TPA,TAMPA
TQ,TDM,Tandem Aero
TP,TAP,TAP Portugal
K3,TQN,Taquan Air Services
RO,ROT,Tarom
HJ,TMN,Tasman Cargo Airlines
SF,DTH,Tassili Airlines
T6,TVR,Tavrey Airlines
L6,VNZ,Tbilaviamsheni
L9,TLW,Teamline Air
U8,CYF,Tel Aviv Air
T2,TCG,Thai Air Cargo
FD,AIQ,Thai AirAsia
XJ,TAX,Thai AirAsia X
TG,THA,Thai Airways International
SL,TLM,Thai Lion Mentari
9I,LLR,Thai Sky Airlines
WE,THD,Thai Smile Airways
T9,TSX,Thai Star Airlines
VZ,TVJ,Thai Vietjet Air
HQ,TCW,Thomas Cook Airlines
MT,TCX,Thomas Cook Airlines
GS,GCR,Tianjin Airlines
3P,TNM,Tiara Air
TT,TGG,Tigerair Australia
TR,TGW,Tigerair Singapore
IT,TTW,Tigerair Taiwan
3V,TAY,TNT Airways
7T,TOB,Tobruk Air
TI,TOL,Tol-Air Services
TJ,GPD,Tradewind Aviation
TL,TMA,Trans Mediterranean Airlines
AX,LOF,Trans States Airlines
TW,TWA,Trans World Airlines
UN,TSO,Transaero Airlines
GE,TNA,TransAsia Airways
TO,TVF,Transavia France
HV,TRA,Transavia Holland
AL,TXC,TransAVIAexport Airlines
TR,TBA,Transbrasil
UE,TEP,Transeuropean Airlines
T9,TRZ,TransMeridian Airlines
TH,TSE,Transmile Air Services
TX,TAN,Transportes Aéreos Nacionales
OF,TML,Transports et Travaux Aériens de Madagascar
9T,ABS,Transwest Air
S5,TSJ,Trast Aero
GY,TMG,Tri-MG Intra Asia Airlines
T4,TIB,TRIP Linhas Aéreas
PM,TOS,Tropic Air
M7,TBG,Tropical Airways
BY,TOM,TUI Airways
TB,JAF,TUI fly Belgium
X3,TUI,TUI fly Deutschland
OR,TFL,TUI fly Netherlands
6B,BLX,TUI fly Nordic
TD,TLP,Tulip Air
UG,TUX,Tuninter
TU,TAR,Tunisair
3T,URN,Turan Air
TK,THY,Turkish Airlines
T5,TUA,Turkmenistan Airlines
TW,TWB,T'way Air
T7,TJT,Twin Jet
VO,TYR,Tyrolean Airways
U5,GWY,USA3000 Airlines
B7,UIA,UNI Air
UA,UAL,United Airlines
4H,UBD,United Airways
U7,JUS,USA Jet Airlines
U6,SVR,Ural Airlines
QU,UGA,Uganda Airlines (1976–2001)
UR,UGD,Uganda Airlines
UF,UKM,UM Airlines
6Z,UKS,Ukrainian Cargo Airways
OL,ULS,Ultra Air
5X,UPS,United Parcel Service
US,AWE,US Airways
BS,UBG,US-Bangla Airlines
UH,USH,US Helicopter
QU,UTN,UTair-Ukraine
UT,UTA,UTair Aviation
HY,UZB,Uzbekistan Airways
PS,AUI,Ukraine International Airlines
JW,VNL,Vanilla Air
VU,VAG,Vietravel Airlines
VB,VIV,VivaAerobus
VA,VOZ,Virgin Australia
VF,VLU,Valuair
J7,VJA,ValuJet Airlines
0V,VFC,Vietnam Air Services Company (VASCO)
VC,VAL,Voyageur Airways
VN,HVN,Vietnam Airlines
NN,MOV,VIM Airlines
Y4,VOI,Volaris
VI,VDA,Volga-Dnepr Airlines
VX,VRD,Virgin America
VJ,VJC,Vietjet Air
V4,VES,Vieques Air Link
TV,VEX,Virgin Express
VK,VGN,Virgin Nigeria Airways
VS,VIR,Virgin Atlantic
ZG,VVM,Viva Macau
VE,VLE,C.A.I. Second
VY,VLG,Vueling Airlines
XF,VLK,Vladivostok Air
LC,VLO,Varig Logística
VM,VOA,Viaggio Air
9V,VPA,Vipair Airlines
RG,VRN,Varig
VH,VVC,Viva Air Colombia
VP,VSP,VASP
V7,VOE,Volotea
VG,VLM,VLM Airlines
G6,WLG,Air Volga
UK,VTI,Vistara
WD,WDL,WDL Aviation
WT,WSG,Wasaya Airways
WH,WEB,WebJet Linhas Aéreas
2W,WLC,Welcome Air
WZ,WSF,West African Airlines
PT,SWN,West Air Sweden
YH,WCW,*West Caribbean Airways*
8O,YWZ,West Coast Air
WS,WJA,WestJet
ST*,STT,"Western Aircraft, Inc"
WA,WAL,Western Airlines
W7,KMR,*Western Pacific Airlines*
CN,WWD,Westward Airways
WF,WIF,Widerøe
WC,WAA,Wien Air Alaska
WL,WLS,Air Wales Virtual
IV,JET,Wind Jet
7W,QGA,Windrose Air
IW,WON,Wings Air
8Z,WVL,Wizz Air Bulgaria
W6,WZZ,Wizz Air
W9,WUK,Wizz Air UK
WO,WOA,World Airways
UI,CSW,SW Italia
WW,WOW,WOW air
8V,WRF,Wright Air Service
KW,WAN,Wataniya Airways
3W*,VNR,Wan Air
WR,WEN,WestJet Encore
MF,CXA,Xiamen Airlines
SE,SEU,XL Airways France
XN,XAR,XpressAir
YL,LLM,Yamal Airlines
R3,SYL,Yakutia Airlines
Y8,YZR,Suparna Airlines
Y0,EMJ,Yellow Air Taxi/Friendship Airways
IY,IYE,Yemenia
YT,NYT,Yeti Airlines
4Y,UYA,Yute Air Alaska
2N,UMK,Yuzhmashavia
Q3,MBN,Zambian Airways
3J,WZP,Zip
ZG,TZP,Zipair Tokyo
Z4,OOM,Zoom Airlines